Item Number,GCF,Illumina Filename,ONT Filename
274,GCF_009936295.1,ILM3_2020BE11_274.fastq.gz,ONG3_2020AH02_274.fastq.gz
11249,GCF_000816085.1,ILN1_2020AA22_11249.fastq.gz,ONG3_2020CU06_11249.fastq.gz
13932,GCF_003031895.1,ILN1_2021AB46_13932.fastq.gz,ONG3_2021AL05_13932.fastq.gz
14870,GCF_900475835.1,ILM3_2019BM07_14870D-5.fastq,ONG2_2019DC07_14870D-5.fastq.gz
33397,GCF_900636475.1,ILM3_2019CH07_33397DX.fastq.gz,ONG2_2019DW04_33397DX.fastq.gz
53103,GCF_000011045.1,ILM3_2019BL06_53103DX.fastq.gz,ONG2_2019DK04_53103DX.fastq.gz
BAA-798,GCF_000025005.1,ILM2_2019AL10_BAA-798D-5.fastq.gz,ONG2_2019DT08_BAA-798D-5.fastq.gz
11249,GCF_900474585.1,ILN1_2020AA22_11249.fastq.gz,ONG3_2020CU06_11249.fastq.gz
15313,GCF_900187225.1,ILN1_2020AC16_15313.fastq.gz,ONG3_2020DP03_15313.fastq.gz
25238,GCF_900476075.1,ILN1_2021AA27_25238.fastq.gz,ONG3_2021AA04_25238.fastq.gz
33153,GCF_900186855.1,ILM2_2020AT01_33153.fastq.gz,ONG3_2020CC05_33153.fastq.gz
33820,GCF_018987235.1,ILM3_2019BQ06_33820DX.fastq.gz,ONG2_2019CW06_33820DX.fastq.gz
49766,GCF_900475995.1,ILN1_2021AB36_49766.fastq.gz,ONG3_2021AI01_49766.fastq.gz
27335,GCF_900475975.1,ILM3_2019BQ10_27335DX.fastq.gz,ONG2_2019CX04_27335DX.fastq.gz
29544,GCF_000982825.1,ILM3_2020BG10_29544.fastq.gz,ONG3_2020AG04_29544.fastq.gz
13253,GCF_900475375.1,ILM3_2020CG08_13253.fastq.gz,ONG3_2020CC03_13253.fastq.gz
19615,GCF_900474895.1,ILM3_2018AJ06_19615D-5.fastq.gz,ONG2_2019BG01_19615D-5.fastq.gz
25175,GCF_900475095.1,ILM3_2019AJ06_25175D-5.fastq.gz,ONG2_2019AJ02_25175D-5.fastq.gz
BAA-613,GCF_002234575.2,ILN1_2020AA48_BAA-613.fastq.gz,ONG3_2020CZ01_BAA-613.fastq.gz
25923,GCF_000756205.1,ILM3_2018AK09_25923D-5.fastq.gz,ONG2_2019BH05_25923D-5.fastq.gz
21573,GCF_019551735.1,ILN1_2020AA24_21573.fastq.gz,ONG3_2020CY04_21573.fastq.gz
25840,GCF_000016845.1,ILN1_2020AA05_25840.fastq.gz,ONG3_2020CO02_25840.fastq.gz
25845,GCF_000144405.1,ILM3_2019AR05_25845D-5.fastq.gz,ONG2_2019AE04_25845D-5.fastq.gz
33236,GCF_001190745.1,ILM3_2019AS06_33236D-5.fastq.gz,ONG2_2019BC01_33236D-5.fastq.gz
33406,GCF_000014145.1,ILM3_2019BK07_33406D-5.fastq.gz,ONG2_2019CU05_33406D-5.fastq.gz
14581,GCF_000832985.1,ILM3_2020CT02_14581.fastq.gz,ONG3_2020DO01_14581.fastq.gz
43809,GCF_900478255.1,ILM2_2019AB01_43809D-5.fastq.gz,ONG2_2019AU02_43809D-5.fastq.gz
49037,GCF_000021325.1,ILM3_2019AT08_49037D-5.fastq,ONG2_2019BE02_49037D-5.fastq.gz
13985,GCF_900104715.1,ILM3_2020CF07_13985.fastq.gz,ONG3_2020CB01_13985.fastq.gz
4617,GCF_900637995.1,ILM3_2019BY02_4617DX.fastq.gz,ONG2_2019DF04_4617DX.fastq.gz
14581,GCF_017086525.1,ILM3_2020CT02_14581.fastq.gz,ONG3_2020DO01_14581.fastq.gz
BAA-196,GCF_008033295.1,ILM2_2020AS07_BAA-196.fastq.gz,ONG3_2020CK05_BAA-196.fastq.gz
10708,GCF_000487295.3,ILN1_2021AE06_10708.fastq.gz,ONG3_2021BB02_10708.fastq.gz
BAA-196,GCF_008033315.1,ILM2_2020AS07_BAA-196.fastq.gz,ONG3_2020CK05_BAA-196.fastq.gz
39184,GCF_001953035.1,ILN1_2020AA04_39184.fastq.gz,ONG3_2020CO01_39184.fastq.gz
10832,GCF_900635285.1,ILM3_2019AU09_10832D-5.fastq.gz,ONG2_2019AT01_10832D-5.fastq
19606,GCF_009759685.1,ILM3_2018AH06_19606D-5.fastq.gz,ONG1_2018AL02_19606D-5.fastq.gz
BAA-1738,GCF_001953015.1,ILM3_2019CF05_BAA-1738D-5.fastq.gz,ONG2_2019DY03_BAA-1738D-5.fastq.gz
43816,GCF_016071735.1,ILM3_2019CH08_43816DX.fastq.gz,ONG2_2019EA05_43816DX.fastq.gz
29212,GCF_000742975.1,ILM3_2019AY01_29212DX.fastq.gz,ONG2_2019BU02_29212DX.fastq.gz
BAA-1673,GCF_000493295.2,ILM3_2020AI02_BAA-1673D-5.fastq.gz,ONG2_2019DM05_BAA-1673D-5.fastq.gz
33353,GCF_900636735.1,ILN1_2020AB32_33353.fastq.gz,ONG3_2020DF01_33353.fastq.gz
35897,GCF_900187315.1,ILM3_2019AI08_35897D-5.fastq.gz,ONG2_2019AL02_35897D-5.fastq.gz
43975,GCF_000252995.1,ILM3_2019AU08_43975D-5.fastq.gz,ONG2_2019AR01_43975D-5.fastq.gz
25922,GCF_017357505.1,ILM3_2018AJ09_25922DX.fastq.gz,ONG2_2019BO01_25922DX.fastq.gz
17616,GCF_000010545.1,ILM3_2020AA03_17616D-5.fastq.gz,ONG2_2019EV03_17616D-5.fastq.gz
700603,GCF_003181175.1,ILM3_2019AK07_700603D-5.fastq.gz,ONM2_2019AC05_700603D-5.fastq.gz
53608,GCF_000236455.2,ILM3_2020CT09_53608.fastq.gz,ONG3_2020DO04_53608.fastq.gz
14581,GCF_006094495.1,ILM3_2020CT02_14581.fastq.gz,ONG3_2020DO01_14581.fastq.gz
35640,GCF_000487915.2,ILM3_2019CH04_35640DX.fastq.gz,ONG2_2019DX04_35640DX.fastq.gz
6919,GCF_008728435.1,ILM3_2019BF01_6919DX.fastq,ONG2_2019CJ05_6919DX.fastq.gz
31821,GCF_003054575.1,ILM3_2018AK07_31821D-5.fastq.gz,ONG2_2019BH03_31821D-5.fastq.gz
BAA-835,GCF_000020225.1,ILM3_2018AL05_BAA-835D-5.fastq.gz,ONG2_2019BI05_BAA-835D-5.fastq.gz
17616,GCF_000018505.1,ILM3_2020AA03_17616D-5.fastq.gz,ONG2_2019EV03_17616D-5.fastq.gz
33453,GCF_000008305.1,ILM3_2019BO06_33453D-5.fastq.gz,ONG2_2019CZ02_33453D-5.fastq.gz
35685,GCF_000015445.1,ILM3_2019BG11_35685D-5.fastq.gz,ONG2_2019CN01_35685D-5.fastq.gz
43290,GCF_000239175.1,ILM3_2020CL12_43290.fastq.gz,ONG3_2020CM02_43290.fastq.gz
14580,GCF_006094335.1,ILM3_2018AF05_14580.fastq.gz,ONM2_2018AC06_14580.fastq.gz
43765,GCF_900475585.1,ILM3_2019CV09_43765DX.fastq.gz,ONG2_2019EZ01_43765DX.fastq.gz
6013,GCF_000807175.1,ILM3_2019BO04_6013DX.fastq,ONG2_2019CR04_6013DX.fastq.gz
7966,GCF_000014805.1,ILM3_2019AA06_7966D-5.fastq.gz,ONG2_2019BJ02_7966D-5.fastq.gz
43816,GCF_000742755.1,ILM3_2019CH08_43816DX.fastq.gz,ONG2_2019EA05_43816DX.fastq.gz
8042,GCF_004355265.1,ILN1_2020AC26_8042.fastq.gz,ONG3_2020DM02_8042.fastq.gz
17029,GCF_000015985.1,ILM3_2019CH05_17029DX.fastq.gz,ONG2_2019DX02_17029DX.fastq.gz
33391,GCF_001457655.1,ILM2_2020AX10_33391.fastq.gz,ONG3_2020CR02_33391.fastq.gz
12344,GCF_002055535.1,ILM3_2019AJ02_12344D-5.fastq.gz,ONG2_2019AJ01_12344D-5.fastq.gz
13637,GCF_900186865.1,ILM3_2019AA08_13637D-5.fastq.gz,ONG2_2019BJ04_13637D-5.fastq.gz
25285,GCF_000025985.1,ILM3_2020AB03_25285D-5.fastq.gz,ONG2_2019AO01_25285D-5.fastq.gz
13880,GCF_017298815.1,ILN1_2021AC02_13880.fastq.gz,ONG3_2021AN05_13880.fastq.gz
13880,GCF_017298975.1,ILN1_2021AC02_13880.fastq.gz,ONG3_2021AN05_13880.fastq.gz
35702,GCF_000767745.1,ILM3_2020AO11_35702D-5.fastq.gz,ONG2_2020BB02_35702D-5.fastq.gz
13880,GCF_017298695.1,ILN1_2021AC02_13880.fastq.gz,ONG3_2021AN05_13880.fastq.gz
13880,GCF_017298835.1,ILN1_2021AC02_13880.fastq.gz,ONG3_2021AN05_13880.fastq.gz
13880,GCF_017299275.1,ILN1_2021AC02_13880.fastq.gz,ONG3_2021AN05_13880.fastq.gz
13880,GCF_017299535.1,ILN1_2021AC02_13880.fastq.gz,ONG3_2021AN05_13880.fastq.gz
12600,GCF_006094915.1,ILM3_2019CH03_12600DX.fastq.gz,ONG2_2019DW07_12600DX.fastq.gz
13880,GCF_017298855.1,ILN1_2021AC02_13880.fastq.gz,ONG3_2021AN05_13880.fastq.gz
BAA-1060,GCF_000019205.1,ILM3_2019BA09_BAA-1060D-5.fastq.gz,ONG2_2019AX05_BAA-1060D-5.fastq.gz
13880,GCF_017298755.1,ILN1_2021AC02_13880.fastq.gz,ONG3_2021AN05_13880.fastq.gz
13880,GCF_017298775.1,ILN1_2021AC02_13880.fastq.gz,ONG3_2021AN05_13880.fastq.gz
13880,GCF_017298875.1,ILN1_2021AC02_13880.fastq.gz,ONG3_2021AN05_13880.fastq.gz
13880,GCF_017299015.1,ILN1_2021AC02_13880.fastq.gz,ONG3_2021AN05_13880.fastq.gz
13880,GCF_017301275.1,ILN1_2021AC02_13880.fastq.gz,ONG3_2021AN05_13880.fastq.gz
13880,GCF_017301315.1,ILN1_2021AC02_13880.fastq.gz,ONG3_2021AN05_13880.fastq.gz
25745,GCF_000014505.1,ILM3_2019BR08_25745D-5.fastq.gz,ONG2_2019DB02_25745D-5.fastq.gz
BAA-835,GCF_017504145.1,ILM3_2018AL05_BAA-835D-5.fastq.gz,ONG2_2019BI05_BAA-835D-5.fastq.gz
33323,GCF_000014425.1,ILM3_2020AO12_33323D-5.fastq.gz,ONG2_2020BB03_33323D-5.fastq.gz
6013,GCF_001856645.1,ILM3_2019BO04_6013DX.fastq,ONG2_2019CR04_6013DX.fastq.gz
19606,GCF_014672755.1,ILM3_2018AH06_19606D-5.fastq.gz,ONG1_2018AL02_19606D-5.fastq.gz
13124,GCF_000013285.1,ILM3_2018AJ03_13124D-5.fastq.gz,ONG2_2019BI03_13124D-5.fastq.gz
43845,GCF_001969425.1,ILM3_2019BY09_43845DX.fastq.gz,ONG2_2019BS03_43845DX.fastq.gz
BAA-1790,GCF_008033255.2,ILN1_2021AB43_BAA-1790.fastq.gz,ONG3_2021AI05_BAA-1790.fastq.gz
27836,GCF_900636385.1,ILM3_2020BS06_27836.fastq.gz,ONG3_2020BO01_27836.fastq.gz
700603,GCF_001596075.2,ILM3_2019AK07_700603D-5.fastq.gz,ONM2_2019AC05_700603D-5.fastq.gz
700669,GCF_000026665.1,ILM3_2019BD08_700669D-5.fastq.gz,ONG2_2019BE03_700669D-5.fastq.gz
700345,GCF_000018285.1,ILM2_2019AK12_700345D-5.fastq.gz,ONG2_2019EB04_700345D-5.fastq.gz
BAA-149,GCF_000017305.1,ILM3_2019BM08_BAA-149D-5.fastq.gz,ONG2_2019DJ02_BAA-149D-5.fastq.gz
13880,GCF_017298675.1,ILN1_2021AC02_13880.fastq.gz,ONG3_2021AN05_13880.fastq.gz
13880,GCF_017298895.1,ILN1_2021AC02_13880.fastq.gz,ONG3_2021AN05_13880.fastq.gz
6051a,GCF_000971925.1,ILM3_2018AG06_6051a.fastq.gz,ONG1_2019AO07_6051a.fastq.gz
33209,GCF_000018885.1,ILM3_2019AT02_33209D-5.fastq.gz,ONG2_2019BD01_33209D-5.fastq.gz
13525,GCF_900215245.1,ILM3_2019AR06_13525DX.fastq.gz,ONG2_2019BR05_13525DX.fastq.gz
BAA-895,GCF_000018045.1,ILM3_2019BJ09_BAA-895D-5.fastq.gz,ONG2_2019CT01_BAA-895D-5.fastq.gz
31821,GCF_000007105.1,ILM3_2018AK07_31821D-5.fastq.gz,ONG2_2019BH03_31821D-5.fastq.gz
700388,GCF_000012365.1,ILM3_2019AH06_700388D-5.fastq.gz,ONG2_2019AG02_700388D-5.fastq.gz
6462,GCF_000832605.1,ILM2_2018AE10_6462.fastq.gz,ONG1_2018AK02_6462.fastq.gz
19436,GCF_900475595.1,ILM2_2019AG09_19436DX.fastq.gz,ONG2_2019CY02_19436DX.fastq.gz
19258,GCF_010120595.1,ILM3_2019BT01_19258DX.fastq,ONG2_2019DC03_19258DX.fastq.gz
27774,GCF_000022125.1,ILM3_2019AG07_27774D-5.fastq,ONG2_2019BM04_27774D-5.fastq.gz
6013,GCF_000807255.1,ILM3_2019BO04_6013DX.fastq,ONG2_2019CR04_6013DX.fastq.gz
29543,GCF_900637325.1,ILM3_2019CJ11_29543D-5.fastq.gz,ONG2_2019EF04_29543D-5.fastq.gz
13880,GCF_017301295.1,ILN1_2021AC02_13880.fastq.gz,ONG3_2021AN05_13880.fastq.gz
49275,GCF_005221305.1,ILM3_2020CF03_49275.fastq.gz,ONG3_2020BQ01_49275.fastq.gz
13880,GCF_017301255.1,ILN1_2021AC02_13880.fastq.gz,ONG3_2021AN05_13880.fastq.gz
23726,GCF_003019785.1,ILN1_2021AC10_23726.fastq.gz,ONG3_2021AP02_23726.fastq.gz
13880,GCF_017298955.1,ILN1_2021AC02_13880.fastq.gz,ONG3_2021AN05_13880.fastq.gz
13880,GCF_017299315.1,ILN1_2021AC02_13880.fastq.gz,ONG3_2021AN05_13880.fastq.gz
8482,GCF_000012825.1,ILM3_2018AL07_8482D-5.fastq.gz,ONG2_2019BJ01_8482D-5.fastq.gz
33386,GCF_000024405.1,ILM3_2019CP05_33386D-5.fastq.gz,ONG2_2019EL05_33386D-5.fastq.gz
13880,GCF_017298995.1,ILN1_2021AC02_13880.fastq.gz,ONG3_2021AN05_13880.fastq.gz
12478,GCF_000157895.3,ILM3_2019CV05_12478DX.fastq.gz,ONG2_2019EX02_12478DX.fastq.gz
BAA-1581,GCF_000251025.1,ILM3_2019CL11_BAA-1581D-5.fastq.gz,ONG2_2019EJ04_BAA-1581D-5.fastq.gz
13311,GCF_000743055.1,ILM3_2019AF03_13311D-5.fastq.gz,ONG2_2019AA04_13311D-5.fastq.gz
19615,GCF_000743015.1,ILM3_2018AJ06_19615D-5.fastq.gz,ONG2_2019BG01_19615D-5.fastq.gz
4342,GCF_000161015.1,ILM2_2018AE02_4342.fastq.gz,ONG1_2018AJ02_4342.fastq.gz
43504,GCF_004295525.1,ILM3_2018AC05_43504D-5.fastq.gz,ONM1_2018AB01_43504D-5.fastq.gz
484,GCF_900637695.1,ILN1_2021AA08_484.fastq.gz,ONG3_2020DT04_484.fastq.gz
7073,GCF_900636435.1,ILN1_2020AA33_7073.fastq.gz,ONG3_2020CP01_7073.fastq.gz
14869,GCF_900475625.1,ILM3_2019BF02_14869DX.fastq.gz,ONG2_2019CI04_14869DX.fastq.gz
484,GCF_000212695.1,ILN1_2021AA08_484.fastq.gz,ONG3_2020DT04_484.fastq.gz
14579,GCF_006094295.1,ILM3_2019AD04_14579D-5.fastq.gz,ONG2_2019AP03_14579D-5.fastq.gz
700721,GCF_000016305.1,ILM3_2019AK08_700721D-5.fastq.gz,ONG2_2019BL03_700721D-5.fastq.gz
393,GCF_000829055.1,ILM3_2019BW03_393DX.fastq.gz,ONG2_2019DB11_393DX.fastq.gz
51146,GCF_004803815.1,ILM3_2020CI06_51146.fastq.gz,ONG3_2020CH01_51146.fastq.gz
11774,GCF_004101945.1,ILM3_2018AF01_11774.fastq.gz,ONG1_2019AO04_11774.fastq.gz
15826,GCF_900637305.1,ILN1_2021AB18_15826.fastq.gz,ONG3_2021AF02_15826.fastq.gz
6919,GCF_003030305.1,ILM3_2019BF01_6919DX.fastq,ONG2_2019CJ05_6919DX.fastq.gz
13880,GCF_017299035.1,ILN1_2021AC02_13880.fastq.gz,ONG3_2021AN05_13880.fastq.gz
13880,GCF_017298795.1,ILN1_2021AC02_13880.fastq.gz,ONG3_2021AN05_13880.fastq.gz
19718,GCF_000009145.1,ILM3_2019AG10_19718D-5.fastq,ONG2_2019BN04_19718D-5.fastq.gz
27853,GCF_001687285.1,ILM3_2018AJ10_27853DX.fastq,ONG2_2019AN04_27853DX.fastq.gz
4342,GCF_000832845.1,ILM2_2018AE02_4342.fastq.gz,ONG1_2018AJ02_4342.fastq.gz
27164,GCF_001676785.2,ILM3_2019BL09_27164DX.fastq.gz,ONG2_2019DK03_27164DX.fastq.gz
824,GCF_000008765.1,ILM3_2019AG01_824D-5.fastq,ONG2_2019AO04_824D-5.fastq.gz
6051,GCF_006088795.1,ILM3_2018AG05_6051.fastq.gz,ONM2_2018AC09_6051.fastq.gz
15697,GCF_000269965.1,ILM3_2019AC05_15697D-5.fastq.gz,ONG2_2019BJ05_15697D-5.fastq.gz
51908,GCF_000019525.1,ILM3_2019CB03_51908D-5.fastq.gz,ONG2_2019ED04_51908D-5.fastq.gz
43504,GCF_900478295.1,ILM3_2018AC05_43504D-5.fastq.gz,ONM1_2018AB01_43504D-5.fastq.gz
33238,GCF_004803795.1,ILM3_2018AH08_33238D-5.fastq.gz,ONG1_2018AL04_33238D-5.fastq.gz
8459,GCF_000336405.1,ILN1_2020AA44_8459.fastq.gz,ONG3_2020CN05_8459.fastq.gz
19606,GCF_009035845.1,ILM3_2018AH06_19606D-5.fastq.gz,ONG1_2018AL02_19606D-5.fastq.gz
25259,GCF_000012745.1,ILM3_2019AT06_25259D-5.fastq.gz,ONG2_2019BD05_25259D-5.fastq.gz
33152,GCF_001752745.1,ILM3_2018AH09_33152D-5.fastq.gz,ONM2_2018AA02_33152D-5.fastq.gz
51329,GCF_001277195.1,ILM3_2020BK12_51329.fastq.gz,ONG3_2020AS05_51329.fastq.gz
13880,GCF_017298715.1,ILN1_2021AC02_13880.fastq.gz,ONG3_2021AN05_13880.fastq.gz
17061,GCF_000016645.1,ILM3_2019BL12_17061D-5.fastq.gz,ONG2_2019CY03_17061D-5.fastq.gz
14048,GCF_001456255.1,ILM3_2019AU02_14048DX.fastq.gz,ONG2_2019BS04_14048DX.fastq.gz
8739,GCF_003591595.1,ILM3_2018AL01_8739D-5.fastq.gz,ONG2_2019BG04_8739D-5.fastq.gz
BAA-894,GCF_000017665.1,ILM3_2019AB01_BAA-894D-5.fastq.gz,ONG2_2019BN03_BAA-894D-5.fastq.gz
35150,GCF_013168075.1,ILM3_2019CH10_35150DX.fastq.gz,ONG2_2019EA03_35150DX.fastq.gz
13182,GCF_900636985.1,ILM3_2019CV02_13182DX.fastq.gz,ONG2_2019EU01_13182DX.fastq.gz
10792,GCF_002119445.1,ILM3_2019BY08_10792DX.fastq.gz,ONG2_2019BS05_10792DX.fastq.gz
9341,GCF_900637835.1,ILM3_2018AI01_9341D-5.fastq.gz,ONM2_2018AB03_9341D-5.fastq.gz
23970,GCF_901482445.1,ILN1_2020AB18_23970.fastq.gz,ONG3_2020DC02_23970.fastq.gz
27340,GCF_010669205.1,ILM3_2019AK05_27340D-5.fastq.gz,ONM2_2019AC03_27340D-5.fastq.gz
25416,GCF_006094315.1,ILM3_2019AR09_25416D-5.fastq,ONG2_2019BK01_25416D-5.fastq.gz
43888,GCF_007922655.1,ILM3_2019CJ01_43888DX.fastq.gz,ONG2_2019EA04_43888DX.fastq.gz
14028,GCF_016864495.1,ILM3_2018AL08_14028DX.fastq.gz,ONG1_2018AP01_14028DX_4C.fastq.gz
33218,GCF_000953635.1,ILM3_2019AP10_33218D-5.fastq.gz,ONG2_2019AK06_33218D-5.fastq.gz
9150,GCF_000011885.1,ILM3_2018AB06_9150D-5.fastq.gz,ONG2_2019BB01_9150D-5.fastq.gz
33270,GCF_900637905.1,ILN1_2021AA32_33270.fastq.gz,ONG3_2021AB05_33270.fastq.gz
53103,GCF_000026505.1,ILM3_2019BL06_53103DX.fastq.gz,ONG2_2019DK04_53103DX.fastq.gz
19527,GCF_900187065.1,ILN1_2021AB04_19527.fastq.gz,ONG3_2021AC04_19527.fastq.gz
25611,GCF_001953955.1,ILM3_2018AJ07_25611D-5.fastq.gz,ONG2_2019BG05_25611D-5.fastq.gz
10556,GCF_900475505.1,ILM3_2019AY08_10556D-5.fastq.gz,ONG2_2019AU03_10556D-5.fastq.gz
13032,GCF_002847425.1,ILM3_2018AJ02_13032D-5.fastq.gz,ONG2_2019BG03_13032D-5.fastq.gz
13032,GCF_002847405.1,ILM3_2018AJ02_13032D-5.fastq.gz,ONG2_2019BG03_13032D-5.fastq.gz
6633,GCF_006094475.1,ILM3_2018AH02_6633D-5.fastq.gz,ONM2_2018AB01_6633D-5.fastq.gz
8293,GCF_000014445.1,ILM3_2019AB05_8293D-5.fastq.gz,ONG2_2019BL02_8293D-5.fastq.gz
15444,GCF_000013025.1,ILM3_2019BM05_15444D-5.fastq.gz,ONG2_2019DE01_15444D-5.fastq.gz
BAA-247,GCF_000959525.1,ILM3_2019AS03_BAA-247DX.fastq.gz,ONG2_2019BQ05_BAA-247DX.fastq.gz
49619,GCF_900636585.1,ILN1_2021AF20_49619.fastq.gz,ONG3_2021BT01_49619.fastq.gz
27853,GCF_900636755.1,ILM3_2018AJ10_27853DX.fastq,ONG2_2019AN04_27853DX.fastq.gz
13880,GCF_017299435.1,ILN1_2021AC02_13880.fastq.gz,ONG3_2021AN05_13880.fastq.gz
13880,GCF_017298935.1,ILN1_2021AC02_13880.fastq.gz,ONG3_2021AN05_13880.fastq.gz
13880,GCF_017298735.1,ILN1_2021AC02_13880.fastq.gz,ONG3_2021AN05_13880.fastq.gz
13880,GCF_017298915.1,ILN1_2021AC02_13880.fastq.gz,ONG3_2021AN05_13880.fastq.gz
13880,GCF_017299175.1,ILN1_2021AC02_13880.fastq.gz,ONG3_2021AN05_13880.fastq.gz
14028,GCF_003864015.1,ILM3_2018AL08_14028DX.fastq.gz,ONG1_2018AP01_14028DX_4C.fastq.gz
27405,GCF_000015865.1,ILM3_2019BJ12_27405D-5.fastq.gz,ONG2_2019CT04_27405D-5.fastq.gz
BAA-1386,GCF_000014925.1,ILM3_2020AI05_BAA-1386D-5.fastq.gz,ONG2_2019CE01_BAA-1386D-5.fastq.gz
25922,GCF_000743255.1,ILM3_2018AJ09_25922DX.fastq.gz,ONG2_2019BO01_25922DX.fastq.gz
10790,GCF_900186885.1,ILM3_2019AU06_10790D-5.fastq.gz,ONG2_2019AQ03_10790D-5.fastq.gz
10145,GCF_001457615.1,ILM3_2019AO06_10145DX.fastq.gz,ONG2_2019BL01_10145DX.fastq.gz
15697,GCF_900637215.1,ILM3_2019AC05_15697D-5.fastq.gz,ONG2_2019BJ05_15697D-5.fastq.gz
13880,GCF_017299575.1,ILN1_2021AC02_13880.fastq.gz,ONG3_2021AN05_13880.fastq.gz
BAA-2146,GCF_000364385.3,ILM3_2019AE10_BAA-2146D-5.fastq.gz,ONM2_2019AB05_BAA-2146D-5.fastq.gz
17978,GCF_001593425.2,ILM3_2018AB02_17978D-5.fastq.gz,ONG2_2019BB04_17978D-5.fastq.gz
13032,GCF_000011325.1,ILM3_2018AJ02_13032D-5.fastq.gz,ONG2_2019BG03_13032D-5.fastq.gz
35311,GCF_000270185.1,ILM3_2019BT02_35311DX.fastq.gz,ONG2_2019DB06_35311DX.fastq.gz
17978,GCF_001077675.1,ILM3_2018AB02_17978D-5.fastq.gz,ONG2_2019BB04_17978D-5.fastq.gz
53434,GCF_002848345.1,ILN1_2020AA47_53434.fastq.gz,ONG3_2020CY05_53434.fastq.gz
7050,GCF_000832905.1,ILM3_2018AG08_7050.fastq.gz,ONM2_2018AC05_7050.fastq.gz
15697,GCF_000020425.1,ILM3_2019AC05_15697D-5.fastq.gz,ONG2_2019BJ05_15697D-5.fastq.gz
14580,GCF_000008425.1,ILM3_2018AF05_14580.fastq.gz,ONM2_2018AC06_14580.fastq.gz
17978,GCF_014672775.1,ILM3_2018AB02_17978D-5.fastq.gz,ONG2_2019BB04_17978D-5.fastq.gz
14580,GCF_000011645.1,ILM3_2018AF05_14580.fastq.gz,ONM2_2018AC06_14580.fastq.gz
700819,GCF_000009085.1,ILM3_2018AK08_700819D-5.fastq,ONG2_2019BH04_700819D-5.fastq.gz
29413,GCF_000204075.1,ILM3_2019AS07_29413D-5.fastq.gz,ONG2_2019BC02_29413D-5.fastq.gz
10876,GCF_000160895.1,ILM3_2018AD05_10876.fastq.gz,ONG1_2018AK07_10876.fastq.gz
17978,GCF_013372085.1,ILM3_2018AB02_17978D-5.fastq.gz,ONG2_2019BB04_17978D-5.fastq.gz
15700,GCF_900637145.1,ILM3_2018AK05_15700D-5.fastq.gz,ONG2_2019AN02_15700D-5.fastq.gz
BAA-1116,GCF_000017705.1,ILM3_2019AB02_BAA-1116D-5.fastq.gz,ONG2_2019AP01_BAA-1116D-5.fastq.gz
29521,GCF_001025135.1,ILM3_2019CK01_29521DX.fastq.gz,ONG2_2019EA01_29521DX.fastq.gz
29521,GCF_900637095.1,ILM3_2019CK01_29521DX.fastq.gz,ONG2_2019EA01_29521DX.fastq.gz
43255,GCF_000155025.1,ILM3_2019CV08_43255DX.fastq.gz,ONG2_2019EY02_43255DX.fastq.gz
15707,GCF_900637335.1,ILM3_2020CG11_15707.fastq.gz,ONG3_2020CD02_15707.fastq.gz
27562,GCF_002224265.1,ILM3_2019AO01_27562DX.fastq.gz,ONG2_2019BK05_27562DX.fastq.gz
49226,GCF_016803895.1,ILN1_2021AC18_49226.fastq.gz,ONG3_2021AQ04_49226.fastq.gz
33560,GCF_001457695.1,ILN1_2021AA06_33560.fastq.gz,ONG3_2020DU04_33560.fastq.gz
14019,GCF_000159155.2,ILM3_2019AD02_14019D-5.fastq.gz,ONG2_2019AP02_14019D-5.fastq.gz
49619,GCF_003966485.1,ILM3_2019AS02_49619DX.fastq.gz,ONG2_2019BQ02_49619DX.fastq.gz
23350,GCF_000196735.1,ILM3_2018AF09_23350.fastq.gz,ONM2_2018AC01_23350.fastq.gz
10987,GCF_000008005.1,ILM2_2018AF05_10987.fastq.gz,ONM2_2018AC04_10987.fastq.gz
25416,GCF_001411495.1,ILM3_2019AR09_25416D-5.fastq,ONG2_2019BK01_25416D-5.fastq.gz
33277,GCF_000010505.1,ILM3_2018AB08_33277D-5.fastq.gz,ONG2_2019BB05_33277D-5.fastq.gz
8739,GCF_000019385.1,ILM3_2018AL01_8739D-5.fastq.gz,ONG2_2019BG04_8739D-5.fastq.gz
13952,GCF_000772125.1,ILN1_2020AC43_13952.fastq.gz,ONG3_2020DQ02_13952.fastq.gz
33223,GCF_000019085.1,ILM2_2019AL09_33223D-5.fastq.gz,ONG2_2019DT04_33223D-5.fastq.gz
35224,GCF_013372125.1,ILN1_2021AA31_35224.fastq.gz,ONG3_2021AB04_35224.fastq.gz
23114,GCF_000085865.1,ILM3_2019AD03_23114D-5.fastq.gz,ONG2_2019BK02_23114D-5.fastq.gz
11775,GCF_003697165.2,ILM2_2020AT03_11775.fastq.gz,ONG3_2020CE01_11775.fastq.gz
11170,GCF_000013085.1,ILM3_2019AB04_11170D-5.fastq.gz,ONG2_2019BM03_11170D-5.fastq.gz
17978,GCF_004794275.2,ILM3_2018AB02_17978D-5.fastq.gz,ONG2_2019BB04_17978D-5.fastq.gz
17978,GCF_004794235.2,ILM3_2018AB02_17978D-5.fastq.gz,ONG2_2019BB04_17978D-5.fastq.gz
17978,GCF_004797155.2,ILM3_2018AB02_17978D-5.fastq.gz,ONG2_2019BB04_17978D-5.fastq.gz
33277,GCF_002892575.1,ILM3_2018AB08_33277D-5.fastq.gz,ONG2_2019BB05_33277D-5.fastq.gz
10558,GCF_900475015.1,ILN1_2020AB21_10558.fastq.gz,ONG3_2020DD01_10558.fastq.gz
19606,GCF_019331655.1,ILM3_2018AH06_19606D-5.fastq.gz,ONG1_2018AL02_19606D-5.fastq.gz
6538,GCF_002025145.1,ILM3_2019AG04_6538D-5.fastq.gz,ONG2_2019BM05_6538D-5.fastq.gz
12472,GCF_000007705.1,ILM3_2019AO02_12472DX.fastq.gz,ONG2_2019BN02_12472DX.fastq.gz
14048,GCF_001680025.1,ILM3_2019AU02_14048DX.fastq.gz,ONG2_2019BS04_14048DX.fastq.gz
13525,GCF_900475215.1,ILM3_2019AR06_13525DX.fastq.gz,ONG2_2019BR05_13525DX.fastq.gz
11842,GCF_000056065.1,ILM3_2019AG09_11842D-5.fastq,ONG2_2019BJ03_11842D-5.fastq.gz
334,GCF_000014525.1,ILM3_2019AD01_334D-5.fastq.gz,ONG2_2019BL05_334D-5.fastq.gz
29970,GCF_006094395.1,ILM3_2019CB05_29970D-5.fastq.gz,ONG2_2019DT06_29970D-5.fastq.gz
8486,GCF_000807675.2,ILM3_2019AT04_8486D-5.fastq.gz,ONG2_2019BD03_8486D-5.fastq.gz
15305,GCF_006094355.1,ILM3_2018AL06_15305D-5.fastq.gz,ONG2_2019BI04_15305D-5.fastq.gz
11828,GCF_000231215.1,ILM3_2019BJ01_11828DX.fastq.gz,ONG2_2019CF01_11828DX.fastq.gz
10580,GCF_000746565.1,ILN1_2021AA45_10580.fastq.gz,ONG3_2021AM04_10580.fastq.gz
35469,GCF_000026225.1,ILM3_2019AS08_35469D-5.fastq.gz,ONG2_2019BC03_35469D-5.fastq.gz
BAA-1633,GCF_000018125.1,ILM3_2019BD10_BAA-1633D-5.fastq.gz,ONG2_2019BE05_BAA-1633D-5.fastq.gz
15305,GCF_000010125.1,ILM3_2018AL06_15305D-5.fastq.gz,ONG2_2019BI04_15305D-5.fastq.gz
12228,GCF_000007645.1,ILM3_2018AI04_12228D-5.fastq.gz,ONG2_2019AP04_12228D-5.fastq.gz
9689,GCF_001077535.1,ILM3_2019AR04_9689D-5.fastq.gz,ONG2_2019BA05_9689D-5.fastq.gz
8503,GCF_000012845.1,ILM3_2019AT03_8503D-5.fastq.gz,ONG2_2019BD02_8503D-5.fastq.gz
14018,GCF_001042655.1,ILM3_2019BA03_14018DX.fastq.gz,ONG2_2019BQ01_14018DX.fastq.gz
6904,GCF_000750315.1,ILM3_2019CJ08_6904D-5.fastq.gz,ONG2_2019EG02_6904D-5.fastq.gz
13047,GCF_000025565.1,ILM3_2018AB05_13047D-5.fastq,ONG2_2019BB02_13047D-5.fastq.gz
19061,GCF_000252955.1,ILM3_2020CC01_19061.fastq.gz,ONG3_2020CA04_19061.fastq.gz
49456,GCF_000148585.2,ILM3_2019AQ09_49456D-5.fastq.gz,ONG2_2019AL06_49456D-5.fastq.gz
14018,GCF_900637625.1,ILM3_2019BA03_14018DX.fastq.gz,ONG2_2019BQ01_14018DX.fastq.gz
51547,GCF_000019165.1,ILM3_2019BM04_51547D-5.fastq.gz,ONG2_2019DD04_51547D-5.fastq.gz
10792,GCF_000161615.1,ILM3_2019BY08_10792DX.fastq.gz,ONG2_2019BS05_10792DX.fastq.gz
8014,GCF_002749655.1,ILM3_2018AJ01_8014D-5.fastq.gz,ONG2_2019BG02_8014D-5.fastq.gz
BAA-334,GCF_000006885.1,ILM3_2019AJ05_BAA-334D-5.fastq.gz,ONM2_2019AD04_BAA-334D-5.fastq.gz
15703,GCF_000010425.1,ILM3_2019BK01_15703DX.fastq.gz,ONG2_2019CM04_15703DX.fastq.gz
367,GCF_000014465.1,ILM3_2018AK10_367D-5.fastq.gz,ONG2_2019BH02_367D-5.fastq.gz
7061,GCF_900186955.1,ILM3_2018AG09_7061.fastq.gz,ONM2_2018AC08_7061.fastq
35405,GCF_000008185.1,ILM3_2018AJ04_35405D-5.fastq.gz,ONG2_2019BI02_35405D-5.fastq.gz
33913,GCF_000007145.1,ILM3_2019CN07_33913D-5.fastq.gz,ONG2_2019EP03-33913D-5.fastq.gz
17749,GCF_000354175.2,ILM3_2019AO04_17749DX.fastq.gz,ONG2_2019BM01_17749DX.fastq.gz
25177,GCF_000016145.1,ILM3_2018AL02_25177D-5.fastq.gz,ONG2_2019AO03_25177D-5.fastq.gz
19258,GCF_900474985.1,ILM3_2019BT01_19258DX.fastq,ONG2_2019DC03_19258DX.fastq.gz
7073,GCF_000785515.1,ILN1_2020AA33_7073.fastq.gz,ONG3_2020CP01_7073.fastq.gz
25416,GCF_003546465.1,ILM3_2019AR09_25416D-5.fastq,ONG2_2019BK01_25416D-5.fastq.gz
25922,GCF_012974805.1,ILM3_2018AJ09_25922DX.fastq.gz,ONG2_2019BO01_25922DX.fastq.gz
700388,GCF_000152285.1,ILM3_2019AH06_700388D-5.fastq.gz,ONG2_2019AG02_700388D-5.fastq.gz
31821,GCF_004168305.2,ILM3_2018AK07_31821D-5.fastq.gz,ONG2_2019BH03_31821D-5.fastq.gz
BAA-1116,GCF_000464435.1,ILM3_2019AB02_BAA-1116D-5.fastq.gz,ONG2_2019AP01_BAA-1116D-5.fastq.gz
27853,GCF_001618925.1,ILM3_2018AJ10_27853DX.fastq,ONG2_2019AN04_27853DX.fastq.gz
27264,GCF_000019485.1,ILM3_2019AR02_27264D-5.fastq.gz,ONG2_2019AM01_27264D-5.fastq.gz
13032,GCF_000196335.1,ILM3_2018AJ02_13032D-5.fastq.gz,ONG2_2019BG03_13032D-5.fastq.gz
49129,GCF_001663855.1,ILN1_2020AB34_49129.fastq.gz,ONG3_2020DF02_49129.fastq.gz
51521,GCF_000016185.1,ILN1_2020AB36_51521.fastq.gz,ONG3_2020DF04_51521.fastq.gz
13880,GCF_017654245.1,ILN1_2021AC02_13880.fastq.gz,ONG3_2021AN05_13880.fastq.gz
8739,GCF_016864475.1,ILM3_2018AL01_8739D-5.fastq.gz,ONG2_2019BG04_8739D-5.fastq.gz
39073,GCF_000013105.1,ILM3_2019AB06_39073D-5.fastq.gz,ONG2_2019BN05_39073D-5.fastq.gz
6051,GCF_000186085.1,ILM3_2018AG05_6051.fastq.gz,ONM2_2018AC09_6051.fastq.gz
43068,GCF_000015025.1,ILM3_2019BF09_43068D-5.fastq.gz,ONG2_2019CL04_43068D-5.fastq.gz
33400,GCF_001457635.1,ILM3_2020CG12_33400.fastq.gz,ONG3_2020CD03_33400.fastq.gz
12228,GCF_009873455.1,ILM3_2018AI04_12228D-5.fastq.gz,ONG2_2019AP04_12228D-5.fastq.gz
14685,GCF_900475215.1,ILN1_2021AA13_14685.fastq.gz,ONG3_2020DV04_14685.fastq.gz
9610,GCF_901472495.1,ILM3_2020CA09_9610.fastq.gz,ONG3_2020BU01_9610.fastq.gz
9545,GCF_002003265.1,ILM3_2020CE08_9545.fastq.gz,ONG3_2020BO04_9545.fastq.gz
13032,GCF_000382905.1,ILM3_2018AJ02_13032D-5.fastq.gz,ONG2_2019BG03_13032D-5.fastq.gz
14579,GCF_000007825.1,ILM3_2019AD04_14579D-5.fastq.gz,ONG2_2019AP03_14579D-5.fastq.gz
8387,GCF_003864055.1,ILM3_2020CA04_8387.fastq.gz,ONG3_2020BR02_8387.fastq.gz
13311,GCF_015565735.1,ILM3_2019AF03_13311D-5.fastq.gz,ONG2_2019AA04_13311D-5.fastq.gz
25830,GCF_006094455.1,ILN1_2021AA38_25830.fastq.gz,ONG3_2021AL01_25830.fastq.gz
17978,GCF_011067065.1,ILM3_2018AB02_17978D-5.fastq.gz,ONG2_2019BB04_17978D-5.fastq.gz
25017,GCF_000019285.1,ILM2_2019AH12_25017D-5.fastq.gz,ONG2_2019DB05_25017D-5.fastq.gz
8503,GCF_900683725.1,ILM3_2019AT03_8503D-5.fastq.gz,ONG2_2019BD02_8503D-5.fastq.gz
